NOMBRE,CATEGORIA,COD_REG,NOM_REG,COD_PROV,NOM_PROV,COD_COM,NOM_COM,COD_DIS,NOM_DIS,ID,Norte,Este UTM Huso 19 Sur,point_latitude,point_longitude
Quebrada Encantada,Otros,01,Tarapacß,012,Arica,01201,Arica,0120117,Pedro Blanquier,1,7959889.61309000000,364324.79266200000,-18.44689119,-70.28480452
Gallinazos,Otros,01,Tarapacß,012,Arica,01201,Arica,0120115,Chacalluta,2,7965284.76132000000,360993.41889000000,-18.39792522,-70.31597477
Puerta Las AmÚricas,Caserio,01,Tarapacß,012,Arica,01201,Arica,0120115,Chacalluta,3,7965498.64794000000,362930.33110600000,-18.39611856,-70.29762705
Valle Hermoso,Otros,01,Tarapacß,012,Arica,01201,Arica,0120115,Chacalluta,4,7965320.05383000000,363512.41560800000,-18.39776985,-70.29212957
Porvenir,Otros,01,Tarapacß,012,Arica,01201,Arica,0120115,Chacalluta,5,7963950.83234000000,369095.13515100000,-18.41049409,-70.23937572
El Morro,Caserio,01,Tarapacß,012,Arica,01201,Arica,0120115,Chacalluta,6,7963759.00903000000,370100.55383600000,-18.41228928,-70.2298706